<?xml version="1.0" encoding="UTF-8" standalone="yes"?>
<addon id="repository.smirgol" name="smirgol's repository" version="1.0.1" provider-name="smirgol">
    <extension point="xbmc.addon.repository" name="smirgol's repository">
        <dir minversion="18.0.0" maxversion="18.9.9">
            <info compressed="false">https://raw.githubusercontent.com/smirgol/crunchyroll_repo/refs/heads/main/leia/addons.xml</info>
            <checksum>https://raw.githubusercontent.com/smirgol/crunchyroll_repo/refs/heads/main/leia/addons.xml.md5</checksum>
            <datadir zip="true">https://raw.githubusercontent.com/smirgol/crunchyroll_repo/refs/heads/main/leia/</datadir>
            <hashes>false</hashes>
        </dir>
        <dir minversion="19.0.0" maxversion="19.9.9">
            <info compressed="false">https://raw.githubusercontent.com/smirgol/crunchyroll_repo/refs/heads/main/matrix/addons.xml</info>
            <checksum>https://raw.githubusercontent.com/smirgol/crunchyroll_repo/refs/heads/main/matrix/addons.xml.md5</checksum>
            <datadir zip="true">https://raw.githubusercontent.com/smirgol/crunchyroll_repo/refs/heads/main/matrix/</datadir>
            <hashes>false</hashes>
        </dir>
        <dir minversion="20.0.0">
            <info compressed="false">https://raw.githubusercontent.com/smirgol/crunchyroll_repo/refs/heads/main/nexus/addons.xml</info>
            <checksum>https://raw.githubusercontent.com/smirgol/crunchyroll_repo/refs/heads/main/nexus/addons.xml.md5</checksum>
            <datadir zip="true">https://raw.githubusercontent.com/smirgol/crunchyroll_repo/refs/heads/main/nexus/</datadir>
            <hashes>false</hashes>
        </dir>
    </extension>
    <extension point="xbmc.addon.metadata">
        <summary>smirgol's repository</summary>
        <description>Kodi addons by smirgol</description>
        <disclaimer></disclaimer>
        <platform>all</platform>
        <assets>
            <icon>icon.png</icon>
        </assets>
    </extension>
</addon>

